{"cameraMode":{"drawMode":0,"name":"Shaded","section":"Shading Mode"},"sceneLighting":true,"audioPlay":false,"sceneViewState":{"showFog":true,"showMaterialUpdate":false,"showSkybox":true,"showFlares":true,"showImageEffects":true,"showParticleSystems":true},"in2DMode":false,"pivot":{"x":0.10528564453125,"y":0.7754209041595459,"z":0.102103590965271},"rotation":{"x":0.7058901190757752,"y":0.09877204149961472,"z":-0.09989791363477707,"w":0.6944660544395447},"size":0.386605441570282,"orthographic":false}