{"cameraMode":{"drawMode":0,"name":"Shaded","section":"Shading Mode"},"sceneLighting":true,"audioPlay":false,"sceneViewState":{"showFog":true,"showMaterialUpdate":false,"showSkybox":true,"showFlares":true,"showImageEffects":true,"showParticleSystems":true},"in2DMode":false,"pivot":{"x":0.07022633403539658,"y":0.7697712182998657,"z":0.0072237467393279079},"rotation":{"x":0.23008482158184052,"y":0.08717995136976242,"z":-0.02065378427505493,"w":0.9690624475479126},"size":0.41708242893218996,"orthographic":false}