{"cameraMode":{"drawMode":0,"name":"Shaded","section":"Shading Mode"},"sceneLighting":true,"audioPlay":false,"sceneViewState":{"showFog":true,"showMaterialUpdate":false,"showSkybox":true,"showFlares":true,"showImageEffects":true,"showParticleSystems":true},"in2DMode":false,"pivot":{"x":0.10528564453125,"y":0.7754209041595459,"z":0.102103590965271},"rotation":{"x":0.5397813320159912,"y":-0.05535561963915825,"z":0.03600527346134186,"w":0.8393892645835877},"size":0.386605441570282,"orthographic":false}