{"cameraMode":{"drawMode":0,"name":"Shaded","section":"Shading Mode"},"sceneLighting":true,"audioPlay":false,"sceneViewState":{"showFog":true,"showMaterialUpdate":false,"showSkybox":true,"showFlares":true,"showImageEffects":true,"showParticleSystems":true},"in2DMode":false,"pivot":{"x":0.036080703139305118,"y":0.4742962419986725,"z":0.28212636709213259},"rotation":{"x":-0.23461394011974336,"y":0.3220919072628021,"z":-0.08272642642259598,"w":-0.9134501218795776},"size":0.6913610100746155,"orthographic":false}