{"cameraMode":{"drawMode":0,"name":"Shaded","section":"Shading Mode"},"sceneLighting":true,"audioPlay":false,"sceneViewState":{"showFog":true,"showMaterialUpdate":false,"showSkybox":true,"showFlares":true,"showImageEffects":true,"showParticleSystems":true},"in2DMode":false,"pivot":{"x":-0.2956083416938782,"y":0.8241581320762634,"z":-0.0016917288303375245},"rotation":{"x":0.25975626707077029,"y":0.32112395763397219,"z":-0.09162475168704987,"w":0.9062615633010864},"size":0.1111345887184143,"orthographic":false}